source,target,order,degree_source,degree_target,dist_to_center,source_info,target_info,source_clustering,target_clustering,source_avg_clustering,target_avg_clustering
T000000000159,T000000000123,1,2,1,1,INFO159|INFO159-2,INFO123,0.00000,0.00000,0.00000,0.00000
T000000000151,T000000000159,1,2,2,0,INFO151,INFO159|INFO159-2,0.00000,0.00000,0.00000,0.00000
T000000000151,T000000000168,1,2,2,0,INFO151,INFO168,0.00000,0.00000,0.00000,0.00000
T000000000168,T000000001176,1,2,2,1,INFO168,,0.00000,0.00000,0.00000,0.00000
T000000001176,T000000001092,1,2,1,2,,,0.00000,0.00000,0.00000,0.00000
T000000000176,T000000001168,2,1,1,0,,INFO1168,0.00000,0.00000,0.00000,0.00000
